{
  "project_info": {
    "project_number": "267371051034",
    "project_id": "brujulasst-2cd0b",
    "storage_bucket": "brujulasst-2cd0b.appspot.com"
  },
  "client": [
    {
      "client_info": {
        "mobilesdk_app_id": "1:267371051034:android:65061239a81ee109daf9a3",
        "android_client_info": {
          "package_name": "com.example.proyectoadso5"
        }
      },
      "oauth_client": [],
      "api_key": [
        {
          "current_key": "AIzaSyBj8quy3sc8oFCmQsh-04zRd-NoFwa1JRU"
        }
      ],
      "services": {
        "appinvite_service": {
          "other_platform_oauth_client": []
        }
      }
    }
  ],
  "configuration_version": "1"
}